file_name,type
2010-2013_English_MCQs.json,SCQ
2010-2022_Biology_MCQs.json,SCQ
2010-2022_Chemistry_MCQs.json,SCQ
2010-2022_Chinese_Lang_and_Usage_MCQs.json,SCQ
2010-2022_Chinese_Modern_Lit.json,SCQ
2010-2022_English_Fill_in_Blanks.json,SCQ
2010-2022_English_Reading_Comp.json,SCQ
2010-2022_Geography_MCQs.json,SCQ
2010-2022_History_MCQs.json,SCQ
2010-2022_Math_I_MCQs.json,SCQ
2010-2022_Math_II_MCQs.json,SCQ
2010-2022_Physics_MCQs.json,MCQ
2010-2022_Political_Science_MCQs.json,SCQ
2012-2022_English_Cloze_Test.json,SCQ
,
,
,
,